{"best_fitness": 16.09347693943108, "_timestamp": 1714403935.339215, "_runtime": 69.70446300506592, "_step": 100, "test_accuracy": null, "_wandb": {"runtime": 68}}