{"best_fitness": 16.401219466856727, "_timestamp": 1714404256.6689343, "_runtime": 158.88705444335938, "_step": 227, "test_accuracy": 0.7956204379562044, "_wandb": {"runtime": 158}}