{"best_fitness": 16.186414056238647, "_timestamp": 1714404082.7735002, "_runtime": 104.22771120071411, "_step": 149, "test_accuracy": null, "_wandb": {"runtime": 103}}