{"best_fitness": 13.527749258468683, "generation": 99, "_timestamp": 1714402022.1854439, "_runtime": 71.75437784194946, "_step": 100, "test_accuracy": null, "_wandb": {"runtime": 70}}