{"best_generation_fitness": 25.179356624028344, "_timestamp": 1714400631.8783462, "_runtime": 68.6029622554779, "_step": 1009, "test_accuracy": 0.5735294117647058, "_wandb": {"runtime": 67}}